variable,beta0,beta1,beta2,beta3
P10,0.9576270018989407,1.9553831130113133,2.979434787386598,3.9719243069492522
Median,0.989827433193718,2.023772674968586,3.0064279368167677,4.005851581183958
P90,1.0179452144024304,2.0887619355817484,3.036666838888883,4.04097071128003
True value,1.0,2.0,3.0,4.0
