"variable","beta0","beta1","beta2","beta3"
"P10",0.9729222463036142,2.823425986798605,2.9694823610212064,2.9817850591413575
"Median",1.0000193577408492,2.886062386934549,2.9972225679108764,3.0101184734177098
"P90",1.0291370017480144,2.9474441003672367,3.02585751230858,3.041841506192087
